project,user_story,page_name,link
Urgy,"Я как пользвователь приложение, хочу поделиться приложением, чтобы показать знакомым приложение, которе мне понравилось и помогает зарабатывать/решать мои проблемы;",Поделиться приложением - UrgY - Confluence (napoleonit.ru),https://confluence.napoleonit.ru/pages/viewpage.action?pageId=63865075
Urgy,"Я как Владелец продукта, хочу дать возможность пользователям делиться приложением, чтобы привлекать больше пользователей.",Поделиться приложением - UrgY - Confluence (napoleonit.ru),https://confluence.napoleonit.ru/pages/viewpage.action?pageId=63865075
Urgy,"Я как Владелец продукта, хочу дать возможность пользователям оценить приложение, когда оно принесло им положительный опыт и закрыло их потребность.",Ссылка на оценку приложения в AppStore/Google Play - UrgY - Confluence (napoleonit.ru),https://confluence.napoleonit.ru/pages/viewpage.action?pageId=63865077
Urgy,"Я как пользователь приложения, хочу задать задачу, которую я ранее создавал в пару кликов, чтобы съэкономить время;",Создание «похожей задачи» из карточки задачи - UrgY - Confluence (napoleonit.ru),https://confluence.napoleonit.ru/pages/viewpage.action?pageId=63865084
Urgy,"Я как пользвоатель приложения, хочу создавать похожие задачи, которые создают другие пользователи, чтобы съэкономить время;",Создание «похожей задачи» из карточки задачи - UrgY - Confluence (napoleonit.ru),https://confluence.napoleonit.ru/pages/viewpage.action?pageId=63865084
Urgy,"Я как заказчик в приложении, хочу открыть аватурку исполнителя на весь экран, чтобы увидель исполнителя;",Открытие аватарки пользователя на весь экран - UrgY - Confluence (napoleonit.ru),https://confluence.napoleonit.ru/pages/viewpage.action?pageId=63865088
Urgy,"Я как заказчик в приложении, хочу рассмотреть аватарку исполнителя, чтобы понять выбирать ли его.",Открытие аватарки пользователя на весь экран - UrgY - Confluence (napoleonit.ru),https://confluence.napoleonit.ru/pages/viewpage.action?pageId=63865088
Urgy,"Я как владелец сервиса YoFix, хочу донести до пользователей информацию об их возможностях и правах, чтобы они обладали нужной им информацией, были довольный сервисом и продолжали им пользоваться;","Онбординг - Задача, после создания - UrgY - Confluence (napoleonit.ru)",https://confluence.napoleonit.ru/pages/viewpage.action?pageId=63865932
Urgy,"Я как пользователь приложения, хочу понять как попасть в меню, чтобы перейти в нужный мне раздел приложения;",Онбординг - Меню - UrgY - Confluence (napoleonit.ru),https://confluence.napoleonit.ru/pages/viewpage.action?pageId=63865928
Urgy,"Я как владелец сервиса YoFix, хочу донести до пользователей информацию об их возможностях и правах, чтобы они обладали нужной им информацией, были довольный сервисом и продолжали им пользоваться;","Онбординг - Отклик, после создания - UrgY - Confluence (napoleonit.ru)",https://confluence.napoleonit.ru/pages/viewpage.action?pageId=63868248
Urgy,"Я как пользователь, хочу видеть задачи в модерации, чтобы эффективно управлять нагрузкой модераторов;","Раздел ""Задачи"" - UrgY - Confluence (napoleonit.ru)",https://confluence.napoleonit.ru/pages/viewpage.action?pageId=63865112
Urgy,"Я как пользователь, хочу видеть задачи протухших за день, чтобы предпринять действия по улучшению задач.","Раздел ""Задачи"" - UrgY - Confluence (napoleonit.ru)",https://confluence.napoleonit.ru/pages/viewpage.action?pageId=63865112
Urgy,"Я как Администратор, хочу ограничиваться доступ к колонкам, чтобы каждая роль могла постреть только разрешенные колонки.","Управление разделом ""Задачи"" - UrgY - Confluence (napoleonit.ru)",https://confluence.napoleonit.ru/pages/viewpage.action?pageId=63865284
Urgy,"Я как Администратор, хочу ограничиваться доступ к шаблонам фильтров, чтобы каждая роль могла постреть только разрешенные наборы фильтров.","Управление разделом ""Задачи"" - UrgY - Confluence (napoleonit.ru)",https://confluence.napoleonit.ru/pages/viewpage.action?pageId=63865284
GeoPro,"Я, как пользователь, хочу иметь возможность вернуться к поисковой выдачи, чтобы не делать повторное фото;",Оптимизация экранов поиска фото - GeoPro - Confluence (napoleonit.ru),https://confluence.napoleonit.ru/pages/viewpage.action?pageId=67181631
GeoPro,"Я, как пользователь, хочу максимально быстро зарегистрироваться в приложении, чтобы сократить время регистрации",Регистрация пользователя - GeoPro - Confluence (napoleonit.ru),https://confluence.napoleonit.ru/pages/viewpage.action?pageId=67181628
GeoPro,"Я, как пользователь, хочу как можно меньше вводить данных для регистрации, чтобы регистрация проходила с большим комфортом",Регистрация пользователя - GeoPro - Confluence (napoleonit.ru),https://confluence.napoleonit.ru/pages/viewpage.action?pageId=67181628
GeoPro,"Я, как заказчик, хочу, чтобы пользователю необходимо было заполнять наименьшее количество полей для регистрации, чтобы не отбивать желание пользователя совершить целевое действие",Регистрация пользователя - GeoPro - Confluence (napoleonit.ru),https://confluence.napoleonit.ru/pages/viewpage.action?pageId=67181628
GeoPro,"Я, как заказчик, хочу упростить авторизацию пользователя, чтобы упростить работу с сервисом;",GEO авторизация пользователя design - GeoPro - Confluence (napoleonit.ru),https://confluence.napoleonit.ru/pages/viewpage.action?pageId=70254710
GeoPro,"Я, как заказчик, хочу минимизировать количество обязательных полей для заполнения, чтобы ускорить работу с сервисом.",GEO авторизация пользователя design - GeoPro - Confluence (napoleonit.ru),https://confluence.napoleonit.ru/pages/viewpage.action?pageId=70254710
GeoPro,"Я, как пользователь, хочу иметь простой способ авторизации, чтобы ускорить и упростить использование сервиса;",GEO авторизация пользователя design - GeoPro - Confluence (napoleonit.ru),https://confluence.napoleonit.ru/pages/viewpage.action?pageId=70254710
GeoPro,"Я, как пользователь, хочу иметь возможность авторизовываться через почту, чтобы не потерять доступ к ранее созданному аккаунту.",GEO авторизация пользователя design - GeoPro - Confluence (napoleonit.ru),https://confluence.napoleonit.ru/pages/viewpage.action?pageId=70254710
GeoPro,"Я, как заказчик, хочу предоставить бесплатные промокоды, чтобы пользователи смогли демонстрировать работу сервиса.",GEO промокоды - GeoPro - Confluence (napoleonit.ru),https://confluence.napoleonit.ru/pages/viewpage.action?pageId=70254725
GeoPro,"Я, как пользователь, хочу иметь возможность вводить промокоды, чтобы получать бесплатные фотографии.",GEO промокоды - GeoPro - Confluence (napoleonit.ru),https://confluence.napoleonit.ru/pages/viewpage.action?pageId=70254725
Gymnasium," Я хочу быстро и удобно создавать много тренировок, чтобы сэкономить время",Раздел Календарь - Gymnasium - Confluence (napoleonit.ru),https://confluence.napoleonit.ru/pages/viewpage.action?pageId=29229097
Gymnasium,"Я как модератор, хочу перемещать в архив устаревшую информацию о героях, программах, тренерах, чтобы у меня была актуальная информация",Раздел Архив - Gymnasium - Confluence (napoleonit.ru),https://confluence.napoleonit.ru/pages/viewpage.action?pageId=27853013
Gymnasium,"Я как администратор, хочу перемещать в архив пользователей, чтобы ограничить доступ к панели управления лицам, которые не работают в клубе. ",Раздел Архив - Gymnasium - Confluence (napoleonit.ru),https://confluence.napoleonit.ru/pages/viewpage.action?pageId=27853013
Gymnasium,"Я как модератор хочу фильтровать детей по возрасту, чтобы быстро получить список детей определенного возраста",Раздел Герои и группы - Gymnasium - Confluence (napoleonit.ru),https://confluence.napoleonit.ru/pages/viewpage.action?pageId=45121540
Gymnasium, Я как тренер хочу проводить тренировки в нескольких клубах ,Раздел Тренеры - Gymnasium - Confluence (napoleonit.ru),https://confluence.napoleonit.ru/pages/viewpage.action?pageId=45121552
Gymnasium,Я как модератор хочу видеть тренеров клуба и редактировать информацию о них,Раздел Тренеры - Gymnasium - Confluence (napoleonit.ru),https://confluence.napoleonit.ru/pages/viewpage.action?pageId=45121552
Gymnasium,"Я как модератор панели управления, хочу видеть и изменять информацию о программе тренировок ",Раздел Программы - Gymnasium - Confluence (napoleonit.ru),https://confluence.napoleonit.ru/pages/viewpage.action?pageId=45121556
Gymnasium,"Я как пользователь ПУ, хочу добавлять баннеры мероприятий, чтобы родители были в курсе мероприятий клуба",Раздел Баннеры - Gymnasium - Confluence (napoleonit.ru),https://confluence.napoleonit.ru/pages/viewpage.action?pageId=46503992
Gymnasium,"Я, как заказчик, хочу, предоставлять пользователю актуальную информацию о его заказе, чтобы пользователь оставался осведомленным.",Уведомление о статусе заказа - Kari - Confluence (napoleonit.ru),https://confluence.napoleonit.ru/pages/viewpage.action?pageId=49030527
Gymnasium,"Я, как пользователь, хочу получать актуальную информацию о заказе, чтобы ___",Уведомление о статусе заказа - Kari - Confluence (napoleonit.ru),https://confluence.napoleonit.ru/pages/viewpage.action?pageId=49030527
Gymnasium,"Я, как пользователь, хочу иметь возможность заказывать выбранные товары в корзине не удаляя их, чтобы вернуться в покупкам позже",Чек-боксы товара для оформления в Корзине - Kari - Confluence (napoleonit.ru),https://confluence.napoleonit.ru/pages/viewpage.action?pageId=49030320
Gymnasium,"Я, как заказчик, хочу, чтобы пользователь хранил как можно больше товаров в корзине, чтобы стимулировать его покупку",Чек-боксы товара для оформления в Корзине - Kari - Confluence (napoleonit.ru),https://confluence.napoleonit.ru/pages/viewpage.action?pageId=49030320
Gymnasium,"Я, как пользователь, хочу, чтобы товары, которые я не заказал хранились в корзине, чтобы не искать их вновь",Чек-боксы товара для оформления в Корзине - Kari - Confluence (napoleonit.ru),https://confluence.napoleonit.ru/pages/viewpage.action?pageId=49030320
Gymnasium,"Я, как владелец продукта, хочу предоставить пользователям возможность сканировать штрихкоды, чтобы проверить его цену или заказать онлайн.",Сканирование штрихкода - Kari - Confluence (napoleonit.ru),https://confluence.napoleonit.ru/pages/viewpage.action?pageId=49029752
Gymnasium,"Я, как пользователь, хочу иметь возможность проверить цену на товар, чтобы иметь гарантию лучшего предложения.",Сканирование штрихкода - Kari - Confluence (napoleonit.ru),https://confluence.napoleonit.ru/pages/viewpage.action?pageId=49029752
Gymnasium,"Я, как пользователь, хочу иметь возможность сканировать штрихкод понравившегося товара, чтобы купить его позднее",Сканирование штрихкода - Kari - Confluence (napoleonit.ru),https://confluence.napoleonit.ru/pages/viewpage.action?pageId=49029752
Gymnasium,"Я, как пользователь, хочу иметь возможность пользоваться поиском в больших местах приложения, чтобы легко и быстро искать интересующие товары",Строка поиска на главном экране - Kari - Confluence (napoleonit.ru),https://confluence.napoleonit.ru/pages/viewpage.action?pageId=49030476
Gymnasium,"Я, как заказчик, хочу, чтобы пользователь смог искать товары в больших местах приложения, чтобы облегчить поиск интересующих товаров",Строка поиска на главном экране - Kari - Confluence (napoleonit.ru),https://confluence.napoleonit.ru/pages/viewpage.action?pageId=49030476
Gymnasium,"Я, как владелец продукта, хочу чтобы пользователям была доступна карта с расположением магазинов, их контактными данными и фильтрами по типам магазинов",Магазины на карте - Kari - Confluence (napoleonit.ru),https://confluence.napoleonit.ru/pages/viewpage.action?pageId=49024144
Gymnasium,"Я, как владелец интернет магазина, хочу доступного и понятного отображения ассортиментных линеек, чтобы конечный пользователь мог просто и быстро найти нужный ему товар.",Категории товаров - Kari - Confluence (napoleonit.ru),https://confluence.napoleonit.ru/pages/viewpage.action?pageId=20807826
Gymnasium,"Я, как пользователь, хочу иметь возможность фильтровать товары по очевидным параметрам, чтобы получить релевантную моему запросу выборку.",Категории товаров - Kari - Confluence (napoleonit.ru),https://confluence.napoleonit.ru/pages/viewpage.action?pageId=20807826
Gymnasium,"Я, как пользователь, хочу, чтобы я смог просматривать все товары из выбранной категории, чтобы находить нужные товары",Сокращение пользовательского пути до товара v.0.1 - Kari - Confluence (napoleonit.ru),https://confluence.napoleonit.ru/pages/viewpage.action?pageId=49030341
Gymnasium,"Я, как заказчик, хочу, чтобы пользователь просматривал как можно больше товаров за визит, чтобы увеличить представленность товара",Сокращение пользовательского пути до товара v.0.1 - Kari - Confluence (napoleonit.ru),https://confluence.napoleonit.ru/pages/viewpage.action?pageId=49030341
Gymnasium,"Я, как заказчик, хочу, чтобы пользователь просматривал как можно больше товаров, чтобы увеличивать конверсию продаж",Сокращение пользовательского пути до товара v.0.1 - Kari - Confluence (napoleonit.ru),https://confluence.napoleonit.ru/pages/viewpage.action?pageId=49030341
Gymnasium,"Я, как заказчик, хочу, чтобы пользователь просматривал как можно больше товаров за визит, чтобы увеличить представленность товара",Сокращение пользовательского пути до товара v.1 - Kari - Confluence (napoleonit.ru),https://confluence.napoleonit.ru/pages/viewpage.action?pageId=49030391
Gymnasium,"Я, как заказчик, хочу, чтобы пользователь видел выборку популярных товаров каждой категории и подкатегории, чтобы пользователь просматривал больше товаров",Сокращение пользовательского пути до товара v.1 - Kari - Confluence (napoleonit.ru),https://confluence.napoleonit.ru/pages/viewpage.action?pageId=49030391
Gymnasium,"Я, как пользователь, хочу, видеть больше популярных товаров, чтобы находить подходящие для меня товары",Сокращение пользовательского пути до товара v.1 - Kari - Confluence (napoleonit.ru),https://confluence.napoleonit.ru/pages/viewpage.action?pageId=49030391
Gymnasium,"Я, как заказчик, хочу, чтобы пользователь просматривал как можно больше товаров, чтобы увеличивать конверсию продаж",Сокращение пользовательского пути до товара v.1 - Kari - Confluence (napoleonit.ru),https://confluence.napoleonit.ru/pages/viewpage.action?pageId=49030391
Gymnasium,"Когда мне нужно отсортировать товары в поисковой выдаче, я хочу делать это на экране каталога, чтобы видеть результат своих действий.",Сортировка товаров - Kari - Confluence (napoleonit.ru),https://confluence.napoleonit.ru/pages/viewpage.action?pageId=49029772
Gymnasium,"Я, как владелец продукта, хочу предоставить пользователям возможность сортировать товары, чтобы увеличить вовлеченность пользователя в процесс подбора товара.",Сортировка товаров - Kari - Confluence (napoleonit.ru),https://confluence.napoleonit.ru/pages/viewpage.action?pageId=49029772
Gymnasium,"Я, как пользователь, хочу искать товары по ключевым словам, чтобы не погружаться в серфинг каталога, а сразу перейти к нужному мне товару.",Текстовый поиск - Kari - Confluence (napoleonit.ru),https://confluence.napoleonit.ru/pages/viewpage.action?pageId=49021611
Gymnasium,"Я, как владелец интернет магазина, хочу знать город пользователя, чтобы показать ему релевантные для его города товары.",Выбор города при регистрации - Kari - Confluence (napoleonit.ru),https://confluence.napoleonit.ru/pages/viewpage.action?pageId=46506834
Gymnasium,"Я, как заказчик, хочу, чтобы пользователь как можно меньше удалял товары из корзины, чтобы увеличивать число продаж",Диалоговое окно подтверждение удаления товара из корзины - Kari - Confluence (napoleonit.ru),https://confluence.napoleonit.ru/pages/viewpage.action?pageId=49030294
Gymnasium,"Я, как заказчик, хочу, чтобы пользователь подтверждал удаление товара, чтобы избежать случайных удалений.",Диалоговое окно подтверждение удаления товара из корзины - Kari - Confluence (napoleonit.ru),https://confluence.napoleonit.ru/pages/viewpage.action?pageId=49030294
Gymnasium,"Я, как пользователь хочу избежать случайного удаления товара из корзины, чтобы не сталкиваться с повторным поиском товара",Диалоговое окно подтверждение удаления товара из корзины - Kari - Confluence (napoleonit.ru),https://confluence.napoleonit.ru/pages/viewpage.action?pageId=49030294
Gymnasium,"Я, как пользователь, хочу видеть возможность ознакомиться с правилами и информацией о доставке, чтобы оставаться информированным.",Информация о способах и условиях доставки - Kari - Confluence (napoleonit.ru),https://confluence.napoleonit.ru/pages/viewpage.action?pageId=53872514
Gymnasium,"Я, как заказчик, хочу, чтобы пользователь мог ознакомиться с информацией и правилах доставки, чтобы минимизировать нагрузку на службу поддержки.",Информация о способах и условиях доставки - Kari - Confluence (napoleonit.ru),https://confluence.napoleonit.ru/pages/viewpage.action?pageId=53872514
Gymnasium,"Я, как пользователь, хочу иметь возможность менять размер изображения товара, чтобы лучше рассмотреть товар.",Изменение размера изображения товара - Kari - Confluence (napoleonit.ru),https://confluence.napoleonit.ru/pages/viewpage.action?pageId=55348264
Gymnasium,"Я, как заказчик, хочу, чтобы у пользователя была возможность менять размер изображения товара, чтобы пользователь мог лучше рассмотреть товар.",Изменение размера изображения товара - Kari - Confluence (napoleonit.ru),https://confluence.napoleonit.ru/pages/viewpage.action?pageId=55348264
Gymnasium,"Я, как заказчик, хочу, чтобы пользователь смог переместить, а не удалять товар из корзины, чтобы он смог вернуться к этому товару позже.","Кнопка ""Отложить"" ""Удалить"" в корзине - Kari - Confluence (napoleonit.ru)",https://confluence.napoleonit.ru/pages/viewpage.action?pageId=49030535
Gymnasium,"Я, как пользователь хочу, чтобы я мог переместить товар из корзины в избранное, чтобы в дальнейшим легко найти этот товар","Кнопка ""Отложить"" ""Удалить"" в корзине - Kari - Confluence (napoleonit.ru)",https://confluence.napoleonit.ru/pages/viewpage.action?pageId=49030535
Gymnasium,"Я, как заказчик, хочу, чтобы пользователь при удалении товара увидел кнопку ""отложить"", чтобы товары не удалялись, а перемещались в избранное","Кнопка ""Отложить"" ""Удалить"" в корзине - Kari - Confluence (napoleonit.ru)",https://confluence.napoleonit.ru/pages/viewpage.action?pageId=49030535
Gymnasium,"Я, как пользователь, хочу получать подробную информацию о проблемах с заказом, чтобы оставаться осведомленным.",Обработка заказов в статусе Т в Личном кабинете - Kari - Confluence (napoleonit.ru),https://confluence.napoleonit.ru/pages/viewpage.action?pageId=55348150
Gymnasium,"Я, как пользователь, хочу иметь возможность обратиться в службу поддержки на экране, на котором возникли проблемы, чтобы не тратить время на поиск раздела со службой поддержки.",Обработка заказов в статусе Т в Личном кабинете - Kari - Confluence (napoleonit.ru),https://confluence.napoleonit.ru/pages/viewpage.action?pageId=55348150
Gymnasium,"Я, как заказчик, хочу чтобы пользователь смог беспрепятственно найти информацию о его заказе, чтобы пользователь не пропустил важную информацию.",Обработка заказов в статусе Т в Личном кабинете - Kari - Confluence (napoleonit.ru),https://confluence.napoleonit.ru/pages/viewpage.action?pageId=55348150
Gymnasium,"Я, пользователь, хочу, чтобы в приложении возникало как меньше ошибок, чтобы пользоваться приложением стало более комфортно",Отдельный экран ошибок валидации - Kari - Confluence (napoleonit.ru),https://confluence.napoleonit.ru/pages/viewpage.action?pageId=63868387
Gymnasium,"Я, как пользователь, хочу, чтобы была возможность делиться ошибками приложения, чтобы разработчики могли работать над исправлением ошибок",Отдельный экран ошибок валидации - Kari - Confluence (napoleonit.ru),https://confluence.napoleonit.ru/pages/viewpage.action?pageId=63868387
Gymnasium,"Я, как заказчик, хочу, чтобы рейтинг приложения был максимально высоким, чтобы увеличивать число скачиваний",Отдельный экран ошибок валидации - Kari - Confluence (napoleonit.ru),https://confluence.napoleonit.ru/pages/viewpage.action?pageId=63868387
Gymnasium,"Я, как не авторизированный пользователь хочу иметь возможность сохранять товары в избранное, чтобы откладывать понравившиеся мне товары",Переработка флоу регистрации/авторизации пользователя. - Kari - Confluence (napoleonit.ru),https://confluence.napoleonit.ru/pages/viewpage.action?pageId=63868391
Gymnasium,"Я, как заказчик, хочу чтобы пользователи которые обратились в службу поддержки или заказали обратный звонок смогли зарегистрироваться по упрощенной системе, чтобы увеличить количество зарегистрированных пользователей",Переработка флоу регистрации/авторизации пользователя. - Kari - Confluence (napoleonit.ru),https://confluence.napoleonit.ru/pages/viewpage.action?pageId=63868391
Gymnasium,"Необходимо реализовать попап, который будет появляться при ошибки на бэкенде или по команде из админ панели.","Попап ""Ведутся технические работы"" - Kari - Confluence (napoleonit.ru)",https://confluence.napoleonit.ru/pages/viewpage.action?pageId=53871615
Gymnasium,"Я, как пользователь, хочу видеть выборки похожих товаров, которые с большой вероятностью подходят мне, чтобы облегчить поиск подходящих товаров",Похожие товары RetailRocket  - Kari - Confluence (napoleonit.ru),https://confluence.napoleonit.ru/pages/viewpage.action?pageId=53872023
Gymnasium,"Я, как заказчик, хочу, чтобы пользователю предоставлять выборку похожих товаров, чтобы увеличить вероятность покупки пользователя",Похожие товары RetailRocket  - Kari - Confluence (napoleonit.ru),https://confluence.napoleonit.ru/pages/viewpage.action?pageId=53872023
Gymnasium,"Я, как заказчик, хочу чтобы предоставлять дополнительные подарки пользователю, чтобы увеличивать вовлеченность пользователя.",Программа лояльности - Kari - Confluence (napoleonit.ru),https://confluence.napoleonit.ru/pages/viewpage.action?pageId=58229315
Gymnasium,"Я, как заказчик, чтобы предоставить пользователю понятный и простой сервис обмена купонов на подарки, чтобы упростить и ускорить процесс получения подарков.",Программа лояльности - Kari - Confluence (napoleonit.ru),https://confluence.napoleonit.ru/pages/viewpage.action?pageId=58229315
Gymnasium,"Я как пользователь, хочу, накапливать дополнительные купоны, чтобы получать подарки.",Программа лояльности - Kari - Confluence (napoleonit.ru),https://confluence.napoleonit.ru/pages/viewpage.action?pageId=58229315
Gymnasium,"Я, как владелец интернет магазина, хочу обладать информацией о пользователе, чтобы предоставить товар именно тому человеку, который его заказа",Аутентификация - Kari - Confluence (napoleonit.ru),https://confluence.napoleonit.ru/pages/viewpage.action?pageId=46505611
Gymnasium,"Я, как пользователь, хочу, иметь возможность максимально быстро авторизоваться в приложении, чтобы сэкономить время",Авторизация по номеру телефона и коду паролю - Kari - Confluence (napoleonit.ru),https://confluence.napoleonit.ru/pages/viewpage.action?pageId=49032175
Gymnasium,"Я, как пользователь, хочу, иметь возможность авторизоваться в приложении через номер телефона, чтобы не запоминать пароль",Авторизация по номеру телефона и коду паролю - Kari - Confluence (napoleonit.ru),https://confluence.napoleonit.ru/pages/viewpage.action?pageId=49032175
Gymnasium,"Я, как заказчик, хочу, чтобы у пользователя была возможность авторизоваться более простым способом, чтобы не отвлекать его от покупок",Авторизация по номеру телефона и коду паролю - Kari - Confluence (napoleonit.ru),https://confluence.napoleonit.ru/pages/viewpage.action?pageId=49032175
Gymnasium,"Я как пользователь, хочу иметь возможность быстро зарегистрироваться, чтобы сэкономить время.",Регистрация пользователя только по номеру телефона - Kari - Confluence (napoleonit.ru),https://confluence.napoleonit.ru/pages/viewpage.action?pageId=58230161
Gymnasium,"Я, пользователь, хочу увеличить количество способов регистрации, чтобы сократить время регистрации.",Регистрация пользователя только по номеру телефона - Kari - Confluence (napoleonit.ru),https://confluence.napoleonit.ru/pages/viewpage.action?pageId=58230161
Gymnasium,"Я, как пользователь, хочу иметь возможность автоматически заполнять данные, чтобы не вводить их вручную.",Регистрация пользователя только по номеру телефона - Kari - Confluence (napoleonit.ru),https://confluence.napoleonit.ru/pages/viewpage.action?pageId=58230161
Gymnasium,"Я, как пользователь, хочу максимально быстро зарегистрироваться в приложении, чтобы сократить время регистрации",Регистрация через социальные сети - Kari - Confluence (napoleonit.ru),https://confluence.napoleonit.ru/pages/viewpage.action?pageId=49032304
Gymnasium,"Я, как пользователь, хочу как можно меньше вводить данных для регистрации, чтобы регистрация проходила с большим комфортом",Регистрация через социальные сети - Kari - Confluence (napoleonit.ru),https://confluence.napoleonit.ru/pages/viewpage.action?pageId=49032304
Gymnasium,"Я, как заказчик, хочу, чтобы у пользователя была возможность зарегистрироваться через соц. сети, чтобы не отбивать желание пользователя совершить целевое действие",Регистрация через социальные сети - Kari - Confluence (napoleonit.ru),https://confluence.napoleonit.ru/pages/viewpage.action?pageId=49032304
Gymnasium,"Я, как пользователь, хочу иметь возможность отмечать понравившиеся товары особым признаком, чтобы иметь к ним доступ без поиска в любой момент времени.",Избранное - Kari - Confluence (napoleonit.ru),https://confluence.napoleonit.ru/pages/viewpage.action?pageId=22675554
Gymnasium,"Я, как пользователь, хочу отметить несколько товаров которые мне понравились, чтобы упростить выбор конкретного товара для дальнейшей покупки., ",Избранное - Kari - Confluence (napoleonit.ru),https://confluence.napoleonit.ru/pages/viewpage.action?pageId=22675554
Gymnasium,"Я, как заказчик, хочу, отображать для пользователя товары-аналоги, чтобы он с большей вероятностью совершил покупку.",Рекомендации RetailRocket в избранном - Kari - Confluence (napoleonit.ru),https://confluence.napoleonit.ru/pages/viewpage.action?pageId=53871564
Gymnasium,"Я как пользователь, хочу видеть похожие товары, чтобы иметь более широкий выбор товара среди аналогичных моделей",Рекомендации RetailRocket в избранном - Kari - Confluence (napoleonit.ru),https://confluence.napoleonit.ru/pages/viewpage.action?pageId=53871564
Gymnasium,"Я, как менеджер, хочу управлять вниманием пользователя, чтобы увеличить вовлеченность пользователя в процесс выбора максимально выгодного для него предложения.",Баннеры - Kari - Confluence (napoleonit.ru),https://confluence.napoleonit.ru/pages/viewpage.action?pageId=22020157
Gymnasium,"Я, как пользователь, хочу увидеть актуальные предложения интернет - магазина, чтобы быть осведомленным о возможной выгоде для себя.",Баннеры - Kari - Confluence (napoleonit.ru),https://confluence.napoleonit.ru/pages/viewpage.action?pageId=22020157
Gymnasium,"Я, как пользователь, хочу сразу попасть на самые выгодные для меня предложения интернет - магазина, чтобы купить необходимые мне вещи с максимальной выгодой.",Баннеры - Kari - Confluence (napoleonit.ru),https://confluence.napoleonit.ru/pages/viewpage.action?pageId=22020157
Gymnasium,"Я, как менеджер, хочу управлять вниманием пользователя, чтобы увеличить вовлеченность пользователя в процесс выбора максимально выгодного для него предложения.",Отображение альтернативных категорий v. 1.2.0 - Kari - Confluence (napoleonit.ru),https://confluence.napoleonit.ru/pages/viewpage.action?pageId=49031380
Gymnasium,"Я, как маркетолог, хочу максимизировать спрос на товары магазина, чтобы увеличить выручку в квартале.",Отображение альтернативных категорий v. 1.2.0 - Kari - Confluence (napoleonit.ru),https://confluence.napoleonit.ru/pages/viewpage.action?pageId=49031380
Gymnasium,"Я, как пользователь, хочу увидеть актуальные предложения интернет - магазина, чтобы быть осведомленным о возможной выгоде для себя.",Отображение альтернативных категорий v. 1.2.0 - Kari - Confluence (napoleonit.ru),https://confluence.napoleonit.ru/pages/viewpage.action?pageId=49031380
Gymnasium,"Я, как пользователь, хочу сразу попасть на самые выгодные для меня предложения интернет - магазина, чтобы купить необходимые мне вещи с максимальной выгодой.",Отображение альтернативных категорий v. 1.2.0 - Kari - Confluence (napoleonit.ru),https://confluence.napoleonit.ru/pages/viewpage.action?pageId=49031380
Gymnasium,"Я, как пользователь, хочу видеть самые популярные товары, чтобы ориентироваться в сезонных трендах и представлять себе порядок цен на сезонную обувь.",Популярные товары - Kari - Confluence (napoleonit.ru),https://confluence.napoleonit.ru/pages/viewpage.action?pageId=22183948
Gymnasium,"Я, как пользователь, хочу иметь быстрый доступ к списку брендов представленных в интернет-гипермаркете, чтобы не тратить свое время на поиск нужного фильтра и его параметра.",Бренды - Kari - Confluence (napoleonit.ru),https://confluence.napoleonit.ru/pages/viewpage.action?pageId=21790836
Gymnasium,"Я, как владелец, хочу фокусировать пользователя на брендовой одежде, чтобы увеличить оборот и прибыль.",Бренды - Kari - Confluence (napoleonit.ru),https://confluence.napoleonit.ru/pages/viewpage.action?pageId=21790836
Gymnasium,"Я, как пользователь, хочу сортировать бренды по названию и тегам, чтобы найти нужный мне бренд по названию из списка.",Бренды - Kari - Confluence (napoleonit.ru),https://confluence.napoleonit.ru/pages/viewpage.action?pageId=21790836
Gymnasium,"Я, как пользователь, хочу получать уведомления о статусах моего заказа, чтобы быть осведомленным и скорректировать свое время для забора или получения товара.",Push - уведомления - Kari - Confluence (napoleonit.ru),https://confluence.napoleonit.ru/pages/viewpage.action?pageId=49026928
Gymnasium,"Я, как пользователь, хочу, чтобы меня уведомили о появлении или сокращении количества товаров которые мне понравились, чтобы я мог успеть их купить.",Push - уведомления - Kari - Confluence (napoleonit.ru),https://confluence.napoleonit.ru/pages/viewpage.action?pageId=49026928
Gymnasium,"Я, как владелец продукта, хочу иметь инструмент возвращения, вовлечения пользователя в процесс покупки, чтобы удерживать его внимание, увеличивать вес бренда и количество повторных покупок.",Push - уведомления - Kari - Confluence (napoleonit.ru),https://confluence.napoleonit.ru/pages/viewpage.action?pageId=49026928
Gymnasium,"Я, как владелец продукта, хочу иметь возможность рассылки рекламных сообщений пользователям, чтобы увеличивать конверсию в акции, тем самым максимизируя прибыль. ",Push - уведомления - Kari - Confluence (napoleonit.ru),https://confluence.napoleonit.ru/pages/viewpage.action?pageId=49026928
Gymnasium,"Я, как владелец продукта, хочу иметь инструмент в приложении, увеличивающий среднюю длину сессии, чтобы влиять на количество проданных товаров",Обзоры и статьи - Kari - Confluence (napoleonit.ru),https://confluence.napoleonit.ru/pages/viewpage.action?pageId=49029315
Gymnasium,"Я, как маркетолог, хочу иметь альтернативные подборки товаров, чтобы предоставлять пользователям уникальные подборки товаров",Обзоры и статьи - Kari - Confluence (napoleonit.ru),https://confluence.napoleonit.ru/pages/viewpage.action?pageId=49029315
Gymnasium,"Я, как заказчик, хочу, чтобы была возможность изменять контент главного экрана интернет магазина, чтобы быстро и гибко вносить изменения",Инструмент управления главным экраном интернет магазина - Kari - Confluence (napoleonit.ru),https://confluence.napoleonit.ru/pages/viewpage.action?pageId=49031938
Gymnasium,"Я, как заказчик, хочу иметь удобный инструмент работы с главной страницей, чтобы упростить и ускорить работу.",Инструмент управления главным экраном интернет магазина - Kari - Confluence (napoleonit.ru),https://confluence.napoleonit.ru/pages/viewpage.action?pageId=49031938
Gymnasium,"Я, как заказчик, хочу, чтобы в приложении были подсказки для новых пользователей, а также описание новых функций в приложении, чтобы у пользователя не оставалось вопросов по работе приложения.",Онбординг - Kari - Confluence (napoleonit.ru),https://confluence.napoleonit.ru/pages/viewpage.action?pageId=53871275
Gymnasium,"Я, как пользователь хочу видеть акции и скидки в корзине, чтобы понимать какие скидки применены к заказу",Акционные и персональные скидки в карточках товаров - Kari - Confluence (napoleonit.ru),https://confluence.napoleonit.ru/pages/viewpage.action?pageId=55345601
Gymnasium,"Я, как пользователь, хочу, чтобы мне предлагали списывать бонусы Kari, чтобы не забыть их использовать.",Акционные и персональные скидки в карточках товаров - Kari - Confluence (napoleonit.ru),https://confluence.napoleonit.ru/pages/viewpage.action?pageId=55345601
Gymnasium,"Я, как заказчик, хочу, чтобы пользователь видел возможный акции и скидки на товары, чтобы стимулировать покупку дополнительных товаров.",Акционные и персональные скидки в карточках товаров - Kari - Confluence (napoleonit.ru),https://confluence.napoleonit.ru/pages/viewpage.action?pageId=55345601
Gymnasium,"Я, как пользователь, хочу оставлять отзывы о товарах, чтобы развернуто оценить покупку и, либо предостеречь от некачественного товара, либо порекомендовать удачные вещи.  ",Отзывы - Kari - Confluence (napoleonit.ru),https://confluence.napoleonit.ru/pages/viewpage.action?pageId=46503581
Gymnasium,"Я, как владелец интернет магазина, хочу модерировать любые отзывы на товары представленные в моем ИМ, чтобы управлять контентом и его эмоциональным окрасом.",Отзывы - Kari - Confluence (napoleonit.ru),https://confluence.napoleonit.ru/pages/viewpage.action?pageId=46503581
Gymnasium,"Я, как пользователь, хочу иметь возможность выбрать подходящий мне цвет и размер товара, чтобы точно подобрать подходящий мне товар по размеру и понравившийся цвет.",Страница товара. Выбор размера и цвета. - Kari - Confluence (napoleonit.ru),https://confluence.napoleonit.ru/pages/viewpage.action?pageId=28967054
Gymnasium,"Я, как пользователь, хочу иметь возможность визуально оценить приобретаемый товар, чтобы избежать ошибок при его выборе.",Страница товара. Галерея фото. - Kari - Confluence (napoleonit.ru),https://confluence.napoleonit.ru/pages/viewpage.action?pageId=24150167
Gymnasium,"Я, как владелец интернет-магазина, хочу предоставить пользователю максимум возможностей для оценки товара, чтобы повысить его удовлетворенность процессом выбора и приобретенным товаром.",Страница товара. Галерея фото. - Kari - Confluence (napoleonit.ru),https://confluence.napoleonit.ru/pages/viewpage.action?pageId=24150167
Gymnasium,"Я, как пользователь, хочу иметь возможность просмотреть детальную информацию о товаре, чтобы знать, кто изготовитель, в какой стране он произведен и из каких материалов, и прочую подобную информацию.",Страница товара. Детальная информация о товаре - Kari - Confluence (napoleonit.ru),https://confluence.napoleonit.ru/pages/viewpage.action?pageId=28704934
Gymnasium,"Я, как пользователь, хочу увидеть стоимость всех набранных мной товаров со скидками прямо в карточке товара, чтобы не совершать лишних действий для соотношения своих финансовых возможностей с набранным количеством товарных позиций.",Страница товара. Добавление в корзину. - Kari - Confluence (napoleonit.ru),https://confluence.napoleonit.ru/pages/viewpage.action?pageId=28704909
Gymnasium,"Я, как пользователь, хочу собрать список необходимых мне товаров в одном месте, чтобы иметь возможность собрать их в один заказ и оплатить одним чеком.",Корзина - Kari - Confluence (napoleonit.ru),https://confluence.napoleonit.ru/pages/viewpage.action?pageId=27361298
Gymnasium,"Когда мне нужно оплатить выбранные товары, я бы хотел видеть их список и общую сумму средств, которые потрачу на все товары, чтобы иметь возможность рассчитать свои финансы.",Корзина - Kari - Confluence (napoleonit.ru),https://confluence.napoleonit.ru/pages/viewpage.action?pageId=27361298
Gymnasium,"Когда мне нужно сменить цвет или размер понравившегося товара, выбрать его количество, я бы хотел иметь возможность делать это прямо на карточке товара внутри корзины, чтобы снова не возвращаться к поиску товара.",Корзина - Kari - Confluence (napoleonit.ru),https://confluence.napoleonit.ru/pages/viewpage.action?pageId=27361298
Gymnasium,"Когда я добавляю много товаров в корзину, я хочу видеть ее превью в карточке товара с последними добавленными товарами и суммой к оплате, чтобы видеть сумму к оплате с учетом моих скидок.",Корзина - Kari - Confluence (napoleonit.ru),https://confluence.napoleonit.ru/pages/viewpage.action?pageId=27361298
Gymnasium,"Я, как пользователь, хочу иметь возможность выбрать способ получения своего заказа, чтобы спланировать свое время.",Оформление заказа - Kari - Confluence (napoleonit.ru),https://confluence.napoleonit.ru/pages/viewpage.action?pageId=49021193
Gymnasium,"Я, как пользователь, хочу иметь возможность выбрать способ оплаты заказа, чтобы ускорить или упростить для себя процесс оплаты",Оформление заказа - Kari - Confluence (napoleonit.ru),https://confluence.napoleonit.ru/pages/viewpage.action?pageId=49021193
Gymnasium,"Я, как владелец продукта, хочу организовать процесс оплаты заказа нативно в мобильном приложении, чтобы сократить время на полный цикл одного заказа",Оформление заказа - Kari - Confluence (napoleonit.ru),https://confluence.napoleonit.ru/pages/viewpage.action?pageId=49021193
Gymnasium,"Я, как пользователь, хочу иметь возможность списывать бонусы в мобильном приложении, чтобы снизить цену покупки",Списание бонусов Kari - Kari - Confluence (napoleonit.ru),https://confluence.napoleonit.ru/pages/viewpage.action?pageId=49031154
Gymnasium,"Я, как пользователь, хочу, чтобы бонусы можно было списывать в мобильном приложении, чтобы была возможность тратить бонусы не только в магазинах",Списание бонусов Kari - Kari - Confluence (napoleonit.ru),https://confluence.napoleonit.ru/pages/viewpage.action?pageId=49031154
Gymnasium,"Я, как владелец продукта, хочу, чтобы пользователь мог списывать бонусы в мобильном приложении, чтобы снижать цену заказов, тем самым увеличивая объем продаж",Списание бонусов Kari - Kari - Confluence (napoleonit.ru),https://confluence.napoleonit.ru/pages/viewpage.action?pageId=49031154
Gymnasium,"Я, пользователь, хочу иметь возможность оплачивать покупки бонусами Спасибо, чтобы снизить стоимость заказа","Списание бонусов ""Спасибо"" при онлайн оплате - Kari - Confluence (napoleonit.ru)",https://confluence.napoleonit.ru/pages/viewpage.action?pageId=49031069
Gymnasium,"Я, как заказчик, хочу, чтобы пользователь мог оплачивать покупки бонусами Спасибо, чтобы у пользователя была дополнительная скидка","Списание бонусов ""Спасибо"" при онлайн оплате - Kari - Confluence (napoleonit.ru)",https://confluence.napoleonit.ru/pages/viewpage.action?pageId=49031069
Gymnasium,"Я, как менеджер, хочу, предоставить пользователю актуальную информацию о приложении, чтобы пользователь был осведомлен о интересующих его сведениях.",Информация и Помощь - Kari - Confluence (napoleonit.ru),https://confluence.napoleonit.ru/pages/viewpage.action?pageId=49029059
Gymnasium,"Я, как сотрудник поддержки хочу, знать установленную версию приложения у клиентов, у которых возникают технические проблемы в приложении.",Информация и Помощь - Kari - Confluence (napoleonit.ru),https://confluence.napoleonit.ru/pages/viewpage.action?pageId=49029059
Gymnasium,"Я, как заказчик, хочу чтобы пользователи находили ответы на вопросы в приложении, чтобы разгрузить кол-центр.",Информация и Помощь - Kari - Confluence (napoleonit.ru),https://confluence.napoleonit.ru/pages/viewpage.action?pageId=49029059
Gymnasium,"Я, как владелец продукта, хочу уведомить пользователя, что он может подписаться на новости магазина, чтобы оповещать его о новых акциях и новостях интернет магазина",Подписка на новости via email - Kari - Confluence (napoleonit.ru),https://confluence.napoleonit.ru/pages/viewpage.action?pageId=49026936
Gymnasium,"Я, как владелец продукта, хочу собирать email пользователей, чтобы иметь дополнительный канал коммуникации с ними.",Подписка на новости via email - Kari - Confluence (napoleonit.ru),https://confluence.napoleonit.ru/pages/viewpage.action?pageId=49026936
Gymnasium,"Когда мне нужно получать информацию о новостях и акциях, я хочу получить информацию удобным мне способом.",Подписка на новости via email - Kari - Confluence (napoleonit.ru),https://confluence.napoleonit.ru/pages/viewpage.action?pageId=49026936
Gymnasium,"Я, как пользователь, хочу управлять своими данными в личном кабинете, чтобы предоставлять или удалять актуальную информацию интернет - магазину",Профиль пользователя - Kari - Confluence (napoleonit.ru),https://confluence.napoleonit.ru/pages/viewpage.action?pageId=49021713
Gymnasium,"Я, как пользователь, хочу авторизовываться через социальные сети, чтобы не запоминать пароль ",Профиль пользователя - Kari - Confluence (napoleonit.ru),https://confluence.napoleonit.ru/pages/viewpage.action?pageId=49021713
Gymnasium,"Я, как пользователь, хочу иметь доступ к своим активным или завершенным заказам, чтобы уточнять детальную информацию и управлять ими",Профиль пользователя - Kari - Confluence (napoleonit.ru),https://confluence.napoleonit.ru/pages/viewpage.action?pageId=49021713
Gymnasium,"Я, как владелец продукта, хочу собирать контактные данные пользователей, чтобы доставлять заказы и информацию пользователям",Профиль пользователя - Kari - Confluence (napoleonit.ru),https://confluence.napoleonit.ru/pages/viewpage.action?pageId=49021713
Gymnasium,"Я, как пользователь, хочу чтобы приложение подсказывало мне выбор города моего текущего присутствия, если я нахожусь в путешествии, чтобы скорректировать выдачу приложения на основе окружающих меня магазинов, если это необходимо.",Флоу смены города в Профиле - Kari - Confluence (napoleonit.ru),https://confluence.napoleonit.ru/pages/viewpage.action?pageId=49027156
Konnektu,"Я, как маркетолог, хочу создавать рассылки в конструкторе, чтобы не привлекать сторонних специалистов.",Коммуникации (рассылки) - Konnektu - Confluence (napoleonit.ru),https://confluence.napoleonit.ru/pages/viewpage.action?pageId=58229305
Konnektu,"Я, как маркетолог, хочу создавать рассылки, чтобы повышать лояльность потребителей",Коммуникации (рассылки) - Konnektu - Confluence (napoleonit.ru),https://confluence.napoleonit.ru/pages/viewpage.action?pageId=58229305
Konnektu,"Я, как маркетолог, хочу создавать email письма в конструкторе, чтобы не разбираться в html верстке и не привлекать сторонних специалистов",Конструктор email сообщений - Konnektu - Confluence (napoleonit.ru),https://confluence.napoleonit.ru/pages/viewpage.action?pageId=58228880
Konnektu,"Я, как маркетолог, хочу сам создавать цепочки в конструкторе, чтобы запускать рекламные кампании",Конструктор - Konnektu - Confluence (napoleonit.ru),https://confluence.napoleonit.ru/pages/viewpage.action?pageId=55356339
Konnektu,"Я, как маркетолог, хочу сам настраивать рекламные кампании, чтобы увеличивать продажи и повышать лояльность потребителей",Кампании - Konnektu - Confluence (napoleonit.ru),https://confluence.napoleonit.ru/pages/viewpage.action?pageId=55354372
Konnektu,"Я, как маркетолог, хочу видеть результат рекламных кампаний, чтобы анализировать эффективность",Кампании - Konnektu - Confluence (napoleonit.ru),https://confluence.napoleonit.ru/pages/viewpage.action?pageId=55354372
Konnektu,"Я, как маркетолог, хочу создавать опросы, чтобы лучше знать своих потребителей",Опросники - Konnektu - Confluence (napoleonit.ru),https://confluence.napoleonit.ru/pages/viewpage.action?pageId=58229865
Konnektu,"Я, как маркетолог, хочу собирать данные о действиях потребителей, чтобы настроить эффективную рекламную кампанию.",Сбор данных конечных потребителей - Konnektu - Confluence (napoleonit.ru),https://confluence.napoleonit.ru/pages/viewpage.action?pageId=58229955
Konnektu,"Я, как маркетолог, хочу установить пиксель на сайт, чтобы собирать данные о пользователях.",Сбор данных конечных потребителей - Konnektu - Confluence (napoleonit.ru),https://confluence.napoleonit.ru/pages/viewpage.action?pageId=58229955
Konnektu,"Я, как разработчик клиента, хочу получить понятные инструкции, чтобы установить пиксель на сайт.",Сбор данных конечных потребителей - Konnektu - Confluence (napoleonit.ru),https://confluence.napoleonit.ru/pages/viewpage.action?pageId=58229955
Konnektu,"Я, как пользователь, хочу создавать и настраивать источники, чтобы шаблонизировать источники и использовать их при создании сегментов и применении фильтров.","Я, как пользователь, хочу создавать и настраивать источники, чтобы шаблонизировать источники и использовать их при создании сегментов и применении фильтров.",#ЗНАЧ!
Levit,"Я, как врач, хочу вносить данные о пациенте и получать результаты исследования, чтобы иметь все файлы, относящиеся к пациенту в одном месте",Levit clinic. Личный кабинет врача - 1.0.0 - LeVIT - Confluence (napoleonit.ru),https://confluence.napoleonit.ru/pages/viewpage.action?pageId=58233123
Levit,"Я, как врач, хочу применить фильтры и поиск, чтобы быстро находить пациента",Levit clinic. Личный кабинет врача - 1.0.0 - LeVIT - Confluence (napoleonit.ru),https://confluence.napoleonit.ru/pages/viewpage.action?pageId=58233123
Levit,"Я, как пользователь, хочу управлять данными, чтобы пользоваться сервисом",Профиль пользователя - 1.0.0 - LeVIT - Confluence (napoleonit.ru),https://confluence.napoleonit.ru/pages/viewpage.action?pageId=62554614
Levit,"Я, как пользователь, хочу управлять уведомлениями, чтобы знать актуальный статус исследований.",Профиль пользователя - 1.0.0 - LeVIT - Confluence (napoleonit.ru),https://confluence.napoleonit.ru/pages/viewpage.action?pageId=62554614
SportGate,"Я, как пользователь, хочу зарегистрироваться в системе, чтобы дополнить свой профиль и иметь доступ к дополнительным данным.",Аутентификация - описание экранов и логики - SportGate - Confluence (napoleonit.ru),https://confluence.napoleonit.ru/pages/viewpage.action?pageId=49021059
SportGate,"Я, как владелец продукта, хочу чтобы пользователь зарегистрировался, чтобы выставить ему счет и собрать актуальные контактные данные.",Аутентификация - описание экранов и логики - SportGate - Confluence (napoleonit.ru),https://confluence.napoleonit.ru/pages/viewpage.action?pageId=49021059
SportGate,"Я, как владелец продукта, хочу знать геолокацию пользователя, чтобы показать ему релевантные для него площадки на карте.",Геолокация пользователя - SportGate - Confluence (napoleonit.ru),https://confluence.napoleonit.ru/pages/viewpage.action?pageId=49021124
Trumpline,"Я, как Пользователь хочу зарегистрироваться в системе чтобы просматривать, заказывать и снимать видео.",Регистрация - Trumpline - Confluence (napoleonit.ru),https://confluence.napoleonit.ru/pages/viewpage.action?pageId=55350803
Trumpline,"Я, как Пользователь  хочу подтвердить номер телефона чтобы другие Пользователи не использовали мой номер телефона для регистрации",Регистрация - Trumpline - Confluence (napoleonit.ru),https://confluence.napoleonit.ru/pages/viewpage.action?pageId=55350803
Trumpline,"Я, как Пользователь хочу подтвердить адрес эл. почты чтобы другие Пользователи не могли использовать мой адрес для доступа к аккаунту",Регистрация - Trumpline - Confluence (napoleonit.ru),https://confluence.napoleonit.ru/pages/viewpage.action?pageId=55350803
Trumpline,"Я, как Пользователь хочу выбрать уникальный ID - Логин чтобы иметь уникальный идентификатор для поиска и общения с другими Пользователями",Регистрация - Trumpline - Confluence (napoleonit.ru),https://confluence.napoleonit.ru/pages/viewpage.action?pageId=55350803
Trumpline,"Я, как Пользователь хочу восстановить забытый пароль чтобы получить доступ к аккаунту.",Авторизация - Trumpline - Confluence (napoleonit.ru),https://confluence.napoleonit.ru/pages/viewpage.action?pageId=55350872
Trumpline,"Я, как владелец продукта хочу запретить Пользователям загрузку из галереи устройства чтобы все видео для публикации были созданы в режиме реального времени",Съемка видео - Trumpline - Confluence (napoleonit.ru),https://confluence.napoleonit.ru/pages/viewpage.action?pageId=55351089
Trumpline,"Я, как Пользователь хочу просматривать опубликованные видео чтобы получать актуальную информацию и быть в курсе мировых событий",Лента видео - Trumpline - Confluence (napoleonit.ru),https://confluence.napoleonit.ru/pages/viewpage.action?pageId=55351922
Trumpline,"Я, как Владелец продукта хочу дать возможность пользователям заказывать видео за деньги, чтобы расширить варианты социальных взаимодействий между пользователями.",Заказ видео - Trumpline - Confluence (napoleonit.ru),https://confluence.napoleonit.ru/pages/viewpage.action?pageId=55352260
Trumpline,"Я, как Пользователь, хочу заносить и выводить денежные средства чтобы зарабатывать и тратить деньги",Административная панель - Trumpline - Confluence (napoleonit.ru),https://confluence.napoleonit.ru/pages/viewpage.action?pageId=55354102
Trumpline,"Я, как владелец продукта, хочу чтобы пользователь мог персонализировать профиль в  админпанели, изменять его по своему усмотрению, чтобы придать индивидуальности профилям и иметь доступ к их контактным данным",Административная панель - Trumpline - Confluence (napoleonit.ru),https://confluence.napoleonit.ru/pages/viewpage.action?pageId=55354102
Trumpline,"Я, как владелец продукта, хочу чтобы сотрудники могли просматривать и фильтровать все ролики на платформе в едином интерфейсе, что в дальнейшем автоматизировать данные процессы",Административная панель - Trumpline - Confluence (napoleonit.ru),https://confluence.napoleonit.ru/pages/viewpage.action?pageId=55354102
Trumpline,"Я как контент менеджер хочу управлять наполненностью онбординга, чтобы предоставлять актуальные данные пользователям",Административная панель - Trumpline - Confluence (napoleonit.ru),https://confluence.napoleonit.ru/pages/viewpage.action?pageId=55354102
Trumpline,"Я, как администратор, хочу иметь возможность авторизоваться в панели администратора, чтобы выполнять свою ежедневную работу",Административная панель - Trumpline - Confluence (napoleonit.ru),https://confluence.napoleonit.ru/pages/viewpage.action?pageId=55354102
Trumpline,"Я, как администратор, хочу иметь возможность добавлять сотрудников, чтобы управлять загрузкой всех сотрудников компании",Административная панель - Trumpline - Confluence (napoleonit.ru),https://confluence.napoleonit.ru/pages/viewpage.action?pageId=55354102
Trumpline,"Я, как администратор, хочу иметь возможность удалять менеджеров, чтобы помочь клиенту очистить список сотрудников или заблокировать доступ одному из сотрудников к платформе",Административная панель - Trumpline - Confluence (napoleonit.ru),https://confluence.napoleonit.ru/pages/viewpage.action?pageId=55354102
Trumpline,"Я, как Пользователь хочу просматривать опубликованные видео чтобы получать актуальную информацию и быть в курсе мировых событий",История публикаций - Trumpline - Confluence (napoleonit.ru),https://confluence.napoleonit.ru/pages/viewpage.action?pageId=67175526
Trumpline,"Я, как Пользователь хочу видеть ленту своих видео, чтобы видеть свои опубликованные видео, ",Профиль пользователя - Trumpline - Confluence (napoleonit.ru),https://confluence.napoleonit.ru/pages/viewpage.action?pageId=73077115
Trumpline,"Я, как Пользователь хочу прочитать пользовательское соглашение, чтобы понимать правила сервиса.",Профиль пользователя - Trumpline - Confluence (napoleonit.ru),https://confluence.napoleonit.ru/pages/viewpage.action?pageId=73077115
Trumpline,"Я, как Пользователь хочу смотреть список проведенных транзакций, чтобы отслеживать изменения баланса.",Профиль пользователя - Trumpline - Confluence (napoleonit.ru),https://confluence.napoleonit.ru/pages/viewpage.action?pageId=73077115
Trumpline,"Я, как Пользователь хочу ознакомиться с инструкцией к приложению чтобы быстро понимать, как пользоваться сервисом ",Онбординг - Trumpline - Confluence (napoleonit.ru),https://confluence.napoleonit.ru/pages/viewpage.action?pageId=55354095
Trumpline,"Я, как Пользователь хочу получать уведомления о том, что в мой Заказ прислали видео чтобы оперативно просматривать и покупать поступившие видео",Push-уведомления - Trumpline - Confluence (napoleonit.ru),https://confluence.napoleonit.ru/pages/viewpage.action?pageId=55354099
Trumpline,"Я, как Пользователь, хочу получать уведомления о том, что мне открыли доступ к видео чтобы своевременно посмотреть его",Push-уведомления - Trumpline - Confluence (napoleonit.ru),https://confluence.napoleonit.ru/pages/viewpage.action?pageId=55354099
Trumpline,"Я, как Владелец Продукта хочу отправлять Пользователям уведомления чтобы вовлекать их в процесс просмотра и создания видео",Push-уведомления - Trumpline - Confluence (napoleonit.ru),https://confluence.napoleonit.ru/pages/viewpage.action?pageId=55354099
Trumpline,"Я, как Пользователь хочу изменять звук в видео чтобы повышать его привлекательность для других Пользователей",Редактирование видео - Trumpline - Confluence (napoleonit.ru),https://confluence.napoleonit.ru/pages/viewpage.action?pageId=55351269
Trumpline,"Я, как Пользователь хочу добавлять озвучку в видео чтобы повышать его привлекательность для других Пользователей",Редактирование видео - Trumpline - Confluence (napoleonit.ru),https://confluence.napoleonit.ru/pages/viewpage.action?pageId=55351269
Trumpline,"Я, как Пользователь хочу добавлять музыку в видео чтобы повышать его привлекательность для других Пользователей",Редактирование видео - Trumpline - Confluence (napoleonit.ru),https://confluence.napoleonit.ru/pages/viewpage.action?pageId=55351269
Trumpline,"Я, как Пользователь, хочу разместить видео с платным доступом чтобы заработать на показах своего видео",Платный просмотр - Trumpline - Confluence (napoleonit.ru),https://confluence.napoleonit.ru/pages/viewpage.action?pageId=55354010
Trumpline,"Я, как Пользователь, хочу отправлять обращение администрации сервиса чтобы решить мои проблему с контентом или другими Пользователями в приложении",Обратная связь - Trumpline - Confluence (napoleonit.ru),https://confluence.napoleonit.ru/pages/viewpage.action?pageId=55354109
Trumpline,"Я, как Пользователь хочу изменять логин чтобы менять свой псевдоним",Заполнение профиля - Trumpline - Confluence (napoleonit.ru),https://confluence.napoleonit.ru/pages/viewpage.action?pageId=55351047
Trumpline,"Я, как Пользователь хочу загрузить аватар чтобы другие Пользователи видели, как я выгляжу",Заполнение профиля - Trumpline - Confluence (napoleonit.ru),https://confluence.napoleonit.ru/pages/viewpage.action?pageId=55351047
Trumpline,"Я, как Пользователь, хочу ""скинуться"" с другими Пользователями на Заказ чтобы заплатить мало денег за видео",Аукцион Заказа - Trumpline - Confluence (napoleonit.ru),https://confluence.napoleonit.ru/pages/viewpage.action?pageId=55353502
Trumpline,"Я, как Пользователь хочу использовать маски во время съемки видео чтобы повышать его привлекательность для других Пользователей",Съемка видео – Release 2 - Trumpline - Confluence (napoleonit.ru),https://confluence.napoleonit.ru/pages/viewpage.action?pageId=63869920
Trumpline,"Я, как Пользователь хочу ограничить круг доступа к видео чтобы его смогли посмотреть только выбранные мной Пользователи",Публикация – Release 2 - Trumpline - Confluence (napoleonit.ru),https://confluence.napoleonit.ru/pages/viewpage.action?pageId=63869924
Trumpline,"Я, как Пользователь, хочу отмечать понравившиеся мне видео чтобы высказывать свою позицию и менять рейтинг видео",Просмотр видео – Release 2 - Trumpline - Confluence (napoleonit.ru),https://confluence.napoleonit.ru/pages/viewpage.action?pageId=63869929
Trumpline,"Я, как Пользователь хочу переключаться между разными типами ленты чтобы смотреть наиболее интересные мне подборки видео",Просмотр видео – Release 2 - Trumpline - Confluence (napoleonit.ru),https://confluence.napoleonit.ru/pages/viewpage.action?pageId=63869929
ZBS Market,"Я, как владелец продукта, хочу чтобы ключевая информация отображалась на одном экране, чтобы дать клиентам основную информацию о приложении.",Главный экран - ZBS Market - Confluence (napoleonit.ru),https://confluence.napoleonit.ru/pages/viewpage.action?pageId=63871709
ZBS Market,"Я, как пользователь, хочу видеть акции и контент, чтобы экономить бюджет",Главный экран - ZBS Market - Confluence (napoleonit.ru),https://confluence.napoleonit.ru/pages/viewpage.action?pageId=63871709
ZBS Market,"Я, как пользователь, хочу переходить в каталог в 1 клик, чтобы посмотреть ассортимент магазина",Главный экран - ZBS Market - Confluence (napoleonit.ru),https://confluence.napoleonit.ru/pages/viewpage.action?pageId=63871709
ZBS Market,"Я, как пользователь, хочу видеть информацию о товаре его цену фото и описание, чтобы выбрать его в список желаемых покупок ",Карточка товара - ZBS Market - Confluence (napoleonit.ru),https://confluence.napoleonit.ru/pages/viewpage.action?pageId=67174604
ZBS Market,"Я, как владелец бизнеса, хочу предоставить пользователям полную информацию о товаре, чтобы мотивировать их к покупке",Карточка товара - ZBS Market - Confluence (napoleonit.ru),https://confluence.napoleonit.ru/pages/viewpage.action?pageId=67174604
ZBS Market,"Я, как пользователь, хочу собрать список необходимых мне товаров в одном месте, чтобы иметь возможность собрать их в один заказ и оплатить одним чеком.",Корзина - ZBS Market - Confluence (napoleonit.ru),https://confluence.napoleonit.ru/pages/viewpage.action?pageId=63871786
ZBS Market,"Когда мне нужно оплатить выбранные товары, я бы хотел видеть их список и общую сумму средств, которые потрачу на все товары, чтобы иметь возможность рассчитать свои финансы.",Корзина - ZBS Market - Confluence (napoleonit.ru),https://confluence.napoleonit.ru/pages/viewpage.action?pageId=63871786
ZBS Market,"Когда я случайно добавляю товар, который мне не нужен, мне бы хотелось иметь возможность его удалить, чтобы не засорять список покупок ненужной информарцией.",Корзина - ZBS Market - Confluence (napoleonit.ru),https://confluence.napoleonit.ru/pages/viewpage.action?pageId=63871786
ZBS Market,"Я, как владелец продукта, хочу собирать контактные данные пользователей, чтобы доставлять заказы и информацию пользователям",Профиль пользователя - ZBS Market - Confluence (napoleonit.ru),https://confluence.napoleonit.ru/pages/viewpage.action?pageId=67174608
ZBS Market,"Я, как пользователь, хочу искать товары по ключевым словам, чтобы не погружаться в серфинг каталога, а сразу перейти к нужному мне товару.",Поиск - ZBS Market - Confluence (napoleonit.ru),https://confluence.napoleonit.ru/pages/viewpage.action?pageId=67174962
ZBS Market,"Я, как пользователь, хочу получать поисковые подсказки, чтобы найти нужный мне товар.",Поиск - ZBS Market - Confluence (napoleonit.ru),https://confluence.napoleonit.ru/pages/viewpage.action?pageId=67174962
ZBS Market,"Я, как администратор, хочу иметь возможность авторизоваться в панели администратора, чтобы выполнять свою ежедневную работу",ПУ. Авторизация - ZBS Market - Confluence (napoleonit.ru),https://confluence.napoleonit.ru/pages/viewpage.action?pageId=67174963
ZBS Market,"Я, как администратор, хочу искать товары в админ.панели, чтобы облегчить процесс привязки товаров к категориям",ПУ. Добавление и удаление категорий для Главного экрана - ZBS Market - Confluence (napoleonit.ru),https://confluence.napoleonit.ru/pages/viewpage.action?pageId=67175121
ZBS Market,"Я, как администратор, хочу иметь возможность искать заказы, чтобы быстро перейти к нужному мне заказу",ПУ. Работа с заказами - ZBS Market - Confluence (napoleonit.ru),https://confluence.napoleonit.ru/pages/viewpage.action?pageId=67175476
ZBS Market,"Я, как администратор, хочу иметь возможность удалить позицию из заказа, чтобы сборщик собрал заказ с нужным наполнением.",ПУ. Работа с заказами - ZBS Market - Confluence (napoleonit.ru),https://confluence.napoleonit.ru/pages/viewpage.action?pageId=67175476
Ак Барс Недвижимость,"Я, как владелец продукта хочу предоставить пользователю информацию о требуемых документах  чтобы пользователь мог самостоятельно собрать необходимый пакет документов",Линия жизни - АК Барс Недвижимость - Confluence (napoleonit.ru),https://confluence.napoleonit.ru/pages/viewpage.action?pageId=53872698
Ак Барс Недвижимость,"Я, как пользователь хочу рассчитывать проценты по возможной ипотеке в мобильном приложении чтобы оценить свои финансовые возможности и уточнить ставки у банка",Ипотечный калькулятор - АК Барс Недвижимость - Confluence (napoleonit.ru),https://confluence.napoleonit.ru/pages/viewpage.action?pageId=55346203
Ак Барс Недвижимость,"Я, как маркетолог хочу предоставлять промо-информацию пользователям в виде списка бонусов, акций и прочих новостей чтобы вовлекать увеличивать количество покупок",Уведомления release 2(in app/push) - АК Барс Недвижимость - Confluence (napoleonit.ru),https://confluence.napoleonit.ru/pages/viewpage.action?pageId=55346321
Ак Барс Недвижимость,"Я, как маркетолог хочу предоставлять пользователям полную информацию об акции или получения бонуса чтобы выполнять требования законодательства",Уведомления release 2(in app/push) - АК Барс Недвижимость - Confluence (napoleonit.ru),https://confluence.napoleonit.ru/pages/viewpage.action?pageId=55346321
Ак Барс Недвижимость,"Я, как владелец продукта хочу чтобы пользователь выбрал предпочитаемый или доступный тип собственности чтобы подготовить соответствующие документы на стороне компании",Web - Электронная сделка - АК Барс Недвижимость - Confluence (napoleonit.ru),https://confluence.napoleonit.ru/pages/viewpage.action?pageId=55350028
Ак Барс Недвижимость,"Я, как владелец продукта хочу чтобы пользователь выбрал предпочитаемый способ оплаты чтобы подготовить соответствующие документы на стороне компании",Web - Электронная сделка - АК Барс Недвижимость - Confluence (napoleonit.ru),https://confluence.napoleonit.ru/pages/viewpage.action?pageId=55350028
Ак Барс Недвижимость,"Я, как владелец продукта хочу чтобы пользователь имел возможность предоставить данные для совершения сделки онлайн чтобы подготовить договор ",Web - Электронная сделка - АК Барс Недвижимость - Confluence (napoleonit.ru),https://confluence.napoleonit.ru/pages/viewpage.action?pageId=55350028
Ак Барс Недвижимость,"Я, как владелец продукта хочу чтобы пользователь имел возможность предоставить данные для совершения сделки онлайн чтобы подготовить договор ",Web - Электронная сделка - АК Барс Недвижимость - Confluence (napoleonit.ru),https://confluence.napoleonit.ru/pages/viewpage.action?pageId=55350028
Ак Барс Недвижимость,"Я, как владелец продукта хочу чтобы пользователь мог согласовать договор на покупку жилья онлайн чтобы автоматизировать процесс оформления договора",Web - Электронная сделка - АК Барс Недвижимость - Confluence (napoleonit.ru),https://confluence.napoleonit.ru/pages/viewpage.action?pageId=55350028
Ак Барс Недвижимость,"Я, как владелец продукта хочу отобразить условия для подписания договора чтобы информировать пользователя",Web - Электронная сделка - АК Барс Недвижимость - Confluence (napoleonit.ru),https://confluence.napoleonit.ru/pages/viewpage.action?pageId=55350028
Ак Барс Недвижимость,"Я, как пользователь хочу просматривать версии договора чтобы отслеживать его изменения",Web - Электронная сделка - АК Барс Недвижимость - Confluence (napoleonit.ru),https://confluence.napoleonit.ru/pages/viewpage.action?pageId=55350028
Ак Барс Недвижимость,"Я, как владелец продукта хочу чтобы пользователь мог согласовать договор на покупку жилья онлайн чтобы автоматизировать процесс оформления договора",Web - Электронная сделка - АК Барс Недвижимость - Confluence (napoleonit.ru),https://confluence.napoleonit.ru/pages/viewpage.action?pageId=55350028
Ак Барс Недвижимость,"Я, как владелец продукта хочу предоставить возможность пользователю ознакомится с заявкой на получение электронной цифровой подписи чтобы подписывать документы онлайн",Web - Электронная сделка - АК Барс Недвижимость - Confluence (napoleonit.ru),https://confluence.napoleonit.ru/pages/viewpage.action?pageId=55350028
Ак Барс Недвижимость,"Я, как пользователь хочу выбрать адрес подписания договора чтобы сократить время на логистику",Web - Электронная сделка - АК Барс Недвижимость - Confluence (napoleonit.ru),https://confluence.napoleonit.ru/pages/viewpage.action?pageId=55350028
Ак Барс Недвижимость,"Я, как пользователь хочу записаться на прием в компании чтобы получить интересующую меня информацию или консультацию лично",Онлайн запись - АК Барс Недвижимость - Confluence (napoleonit.ru),https://confluence.napoleonit.ru/pages/viewpage.action?pageId=55350522
Пивоман,"Я, как Пользователь, хочу зарегистрироваться в системе, чтобы оформлять заказы и участвовать в акциях и розыгрышах",Авторизация и Регистрация + Карта лояльности - Пивоман - Confluence (napoleonit.ru),https://confluence.napoleonit.ru/pages/viewpage.action?pageId=61114359
Пивоман,"Я, как Пользователь, хочу подтвердить номер телефона, чтобы другие Пользователи не использовали мой номер телефона для регистрации",Авторизация и Регистрация + Карта лояльности - Пивоман - Confluence (napoleonit.ru),https://confluence.napoleonit.ru/pages/viewpage.action?pageId=61114359
Пивоман,"Я, как Пользователь, хочу авторизоваться в системе, чтобы получить доступ к своему аккаунту",Авторизация и Регистрация + Карта лояльности - Пивоман - Confluence (napoleonit.ru),https://confluence.napoleonit.ru/pages/viewpage.action?pageId=61114359
Пивоман,"Я, как пользователь, хочу видеть информацию о товаре его цену фото и описание, чтобы выбрать его в список желаемых покупок ",Карточка товара - Пивоман - Confluence (napoleonit.ru),https://confluence.napoleonit.ru/pages/viewpage.action?pageId=61114532
Пивоман,"Я, как владелец бизнеса, хочу предоставить пользователям полную информацию о товаре, чтобы мотивировать их к покупке",Карточка товара - Пивоман - Confluence (napoleonit.ru),https://confluence.napoleonit.ru/pages/viewpage.action?pageId=61114532
Пивоман,"Я, как владелец интернет магазина, хочу знать город пользователя, чтобы показать ему релевантные для его города товары.",Каталог - Пивоман - Confluence (napoleonit.ru),https://confluence.napoleonit.ru/pages/viewpage.action?pageId=61114499
Пивоман,"Я, как пользователь, хочу иметь возможность фильтровать товары по очевидным параметрам, чтобы получить релевантную моему запросу выборку.",Каталог - Пивоман - Confluence (napoleonit.ru),https://confluence.napoleonit.ru/pages/viewpage.action?pageId=61114499
Пивоман,"Я, как пользователь, хочу видеть список товаров, чтобы иметь информацию и планировать траты на покупки.",Каталог - Пивоман - Confluence (napoleonit.ru),https://confluence.napoleonit.ru/pages/viewpage.action?pageId=61114499
Пивоман,"Я, как пользователь, хочу собрать список необходимых мне товаров в одном месте, чтобы иметь возможность собрать их в один заказ и оплатить одним чеком.",Корзина и оформление заказа - Пивоман - Confluence (napoleonit.ru),https://confluence.napoleonit.ru/pages/viewpage.action?pageId=62554641
Пивоман,"Я, как пользователь, хочу увидеть обучающий онбординг, чтобы знать все возможности приложения",Онбординг Пивоман - Пивоман - Confluence (napoleonit.ru),https://confluence.napoleonit.ru/pages/viewpage.action?pageId=61114550
Пивоман,"Я, как пользователь, хочу видеть информационный онбординг после обновления приложения, чтобы знать о новых функциях и использовать их",Онбординг Пивоман - Пивоман - Confluence (napoleonit.ru),https://confluence.napoleonit.ru/pages/viewpage.action?pageId=61114550
Пивоман,"Я, как владелец продукта, хочу обучить пользователей, чтобы они использовали все возможности приложения",Онбординг Пивоман - Пивоман - Confluence (napoleonit.ru),https://confluence.napoleonit.ru/pages/viewpage.action?pageId=61114550
Пивоман,"Я, как владелец продукта, хочу информировать пользователей о новых фичах, чтобы отслеживать использование нового функционала и понимать успешность его реализации",Онбординг Пивоман - Пивоман - Confluence (napoleonit.ru),https://confluence.napoleonit.ru/pages/viewpage.action?pageId=61114550
Пивоман,"Я, как кассир, хочу видеть заказы, чтобы собирать их по позициям и выдавать покупателям",Страница заказов ПУ - Пивоман - Confluence (napoleonit.ru),https://confluence.napoleonit.ru/pages/viewpage.action?pageId=70257749
Пивоман,"Я, как администратор, хочу видеть все размещенные заказы, чтобы контролировать работу кассиров",Страница заказов ПУ - Пивоман - Confluence (napoleonit.ru),https://confluence.napoleonit.ru/pages/viewpage.action?pageId=70257749
Пивоман,"Я, как владелец продукта, хочу контролировать кассиров, чтобы не было не обработанных заказов",Уведомления в телеграме и амосрм - Пивоман - Confluence (napoleonit.ru),https://confluence.napoleonit.ru/pages/viewpage.action?pageId=73084243
Пивоман,"Я, как заказчик, хочу чтобы предоставлять дополнительные награды, чтобы увеличивать вовлеченность пользователя.",Программа лояльности и геймификации - Пивоман - Confluence (napoleonit.ru),https://confluence.napoleonit.ru/pages/viewpage.action?pageId=61114709
Пивоман,"Я, как заказчик, чтобы предоставить пользователю дополнительные скидки , чтобы мотивировать пользователя зарегистрироваться в приложении.",Программа лояльности и геймификации - Пивоман - Confluence (napoleonit.ru),https://confluence.napoleonit.ru/pages/viewpage.action?pageId=61114709
Пивоман,"Я, как пользователь, хочу накапливать баллы , чтобы использовать их для последующих покупок",Программа лояльности и геймификации - Пивоман - Confluence (napoleonit.ru),https://confluence.napoleonit.ru/pages/viewpage.action?pageId=61114709
Пивоман,"Я, как пользователь, хочу видеть условия накопления баллов, чтобы накапливать максимальную скидку",Программа лояльности и геймификации - Пивоман - Confluence (napoleonit.ru),https://confluence.napoleonit.ru/pages/viewpage.action?pageId=61114709
Пивоман,"Я, как пользователь, хочу видеть историю начисления баллов, чтобы проверять достоверность начислений",Программа лояльности и геймификации - Пивоман - Confluence (napoleonit.ru),https://confluence.napoleonit.ru/pages/viewpage.action?pageId=61114709
Пивоман,"Я, как маркетолог, хочу управлять популярными товарами, чтобы продвигать нужные",Управление популярными товарами - Пивоман - Confluence (napoleonit.ru),https://confluence.napoleonit.ru/pages/viewpage.action?pageId=73087673
Счастливый взгляд,"Я, как менеджер хочу иметь возможность загружать баннеры для акций чтобы управлять контентом",MVP.v1 админ панель - Счастливый взгляд - Confluence (napoleonit.ru),https://confluence.napoleonit.ru/pages/viewpage.action?pageId=73099157
Счастливый взгляд,"Я, как менеджер хочу иметь возможность выставлять сопутствующие товары чтобы пользователям высвечивались нужные рекомендации",MVP.v1 админ панель - Счастливый взгляд - Confluence (napoleonit.ru),https://confluence.napoleonit.ru/pages/viewpage.action?pageId=73099157
Счастливый взгляд,Я как пользователь хочу записываться на онлайн консультацию чтобы не тратить время на дорогу к салону ,Онлайн консультация - Счастливый взгляд - Confluence (napoleonit.ru),https://confluence.napoleonit.ru/pages/viewpage.action?pageId=73097898
Счастливый взгляд,Я как пользователь хочу выбирать удобный для меня мессенджер чтобы не устанавливать новый мессенджер и пользоваться привычным функционалом,Онлайн консультация - Счастливый взгляд - Confluence (napoleonit.ru),https://confluence.napoleonit.ru/pages/viewpage.action?pageId=73097898
Счастливый взгляд,Я как владелец продукта хочу предложить пользователю прохождение онлайн консультаций чтобы привлечь аудиторию которая пока не готова посетить оптику офлайн,Онлайн консультация - Счастливый взгляд - Confluence (napoleonit.ru),https://confluence.napoleonit.ru/pages/viewpage.action?pageId=73097898
Счастливый взгляд,"Я, как пользователь, хочу оформлять заказа, чтобы получить товары",Корзина и оформление заказа - Счастливый взгляд - Confluence (napoleonit.ru),https://confluence.napoleonit.ru/pages/viewpage.action?pageId=73096970
Счастливый взгляд,"Я, как пользователь, хочу оформлять подписку на линзы, чтобы потом не вспоминать о них",Корзина и оформление заказа - Счастливый взгляд - Confluence (napoleonit.ru),https://confluence.napoleonit.ru/pages/viewpage.action?pageId=73096970
Счастливый взгляд,"Я, как пользователь, хочу примерять пары очков, чтобы понять какие лучше на мне сидя",Корзина и оформление заказа - Счастливый взгляд - Confluence (napoleonit.ru),https://confluence.napoleonit.ru/pages/viewpage.action?pageId=73096970
Счастливый взгляд,Я как пользователь зарегистрироваться/авторизоваться в приложении чтобы иметь доступ к функционалу,Аутентификация - Счастливый взгляд - Confluence (napoleonit.ru),https://confluence.napoleonit.ru/pages/viewpage.action?pageId=73095845
Счастливый взгляд,Я как владелец продукта хочу ускорить процесс регистрации для удобства пользователя,Аутентификация - Счастливый взгляд - Confluence (napoleonit.ru),https://confluence.napoleonit.ru/pages/viewpage.action?pageId=73095845
Счастливый взгляд,Я как владелец продукта хочу чтобы пользователь указывал телефон даже при входе по почте чтобы привязать его к аккаунту пользователя,Аутентификация - Счастливый взгляд - Confluence (napoleonit.ru),https://confluence.napoleonit.ru/pages/viewpage.action?pageId=73095845
Эксперт-лизинг,"Я, как владелец компании лизингополучателя, хочу обезопасить свой личный кабинет от злоумышленников, чтобы сохранить данные компании;",Регистрация и авторизация пользователей мвп - Эксперт-Лизинг - Confluence (napoleonit.ru),https://confluence.napoleonit.ru/pages/viewpage.action?pageId=73086752
Эксперт-лизинг,"Я, как владелец компании лизингополучателя, хочу иметь возможность быстро регистрироваться в мобильном приложении, чтобы оптимизировать потраченное время на выбор объекта лизинга;",Регистрация и авторизация пользователей мвп - Эксперт-Лизинг - Confluence (napoleonit.ru),https://confluence.napoleonit.ru/pages/viewpage.action?pageId=73086752
Эксперт-лизинг,"Я, как сотрудник компании лизингополучателя, хочу имень возможность быстро авторизовываться в мобильном приложении, чтобы оптимизировать потраченное время на выполнение поручений.",Регистрация и авторизация пользователей мвп - Эксперт-Лизинг - Confluence (napoleonit.ru),https://confluence.napoleonit.ru/pages/viewpage.action?pageId=73086752
Эксперт-лизинг,"Я, как пользователь, хочу иметь возможность делегировать заполнение анкеты и загрузку документов, чтобы освободить свое время",Подача заявки мвп - Эксперт-Лизинг - Confluence (napoleonit.ru),https://confluence.napoleonit.ru/pages/viewpage.action?pageId=73086766
